

-- Insert data into Applications Table


INSERT INTO applications (application_id, customer_name, applied_amount, application_date, credit_score, employment_type) VALUES
(101,'VASAVA VIKRAM BHAI DEVJIBHAI', 7081.00, '2020-05-20', 745, 'salaried'),
(102,'pradeep taneja', 10421.62, '2020-06-23', 765, 'self employed'),
(103,'Saqib Ulla', 2185.00, '2021-12-23', 750, 'salaried'),
(104,'Digambar Shinde', 2740.00, '2022-10-22', 734,'self employed'),
(105, 'Mange Ram', 9058.00, '2023-04-12', 746, 'salaried'),
(106, 'tarungowda Gowda', 24659.35, '2021-11-21', 786, 'salaried'),
(107, 'Sachin Agarwal', 30067.72, '2022-12-12', 723, 'salaried'),
(108, 'Sarafdeen AK', 10287.26, '2017-11-11', 716,'salaried'),
(109, 'Suleman Sisodia', 6038.37, '2020-12-11', 719,'self employed'),
(110, 'irshad Kp', 9701.00, '2022-07-12', 757, 'self employed'),
(111, 'Amol Narwate', 15436.26, '2019-12-11', 745, 'salaried'),
(112, 'Sumit Basra', 28179.57, '2021-10-12', 712, 'salaried'),
(113, 'Manish Nathani', 54896.39, '2017-11-13', 720,'self employed'),
(114, 'Sunil Dongare', 19312.23, '2019-02-22', 766, 'salaried'),
(115, 'Ajay Kakade', 4921.00, '2022-03-24', 731, 'salaried'),
(116, 'MDSAMSAD MANSURI', 9404.81, '2024-04-25', 745, 'salaried' ),
(117, 'JINESH PATADIA', 7978.44, '2021-10-12', 742, 'salaried' ),
(118, 'Pradeep Kumar', 4366.34, '2021-09-14', 747, 'salaried'),
(119, 'Papitha Victor', 12747.59, '2022-10-12', 723, 'salaried'),
(120, 'Manharsinh Jadeja', 20730.00, '2019-04-24', 749, 'salaried'),
(121, 'Shyam Prakash Yadav', 7549.90, '2023-07-29', 746, 'salaried'),
(122, 'Jaitoon Nisha', 5413.00, '2020-08-27', 728,'self employed'),
(123, 'Ashok S', 20776.61, '2022-03-24', 775,'self employed'),
(124, 'Gajendra Singh', 41613.28, '2022-06-18', 786, 'salaried' ),
(125, 'Saddam Idrishi', 2507.95, '2022-10-16', 769, 'self employed'),
(126, 'Salman Shah', 4898.94, '2019-04-12', 747,'self employed' ),
(127, 'Surya S', 3475.10, '2020-06-23', 732, 'salaried' ),
(128, 'Ashvin Solanki', 31670.24, '2024-09-27', 745, 'salaried'),
(129, 'Dhanashri Khairanar', 13469.80, '2019-11-12', 761, 'salaried' ),
(130, 'Shamshoddin Nimbalkar', 8240.00, '2019-04-16', 722, 'salaried'),
(131, 'Mantesh L lamani', 7762.00, '2022-03-29', 734, 'self employed'),
(132, 'Vikas Sen', 9767.65, '2023-06-26', 740, 'self employed' ),
(133, 'Afzal khan Khan', 17999.00, '2022-09-19', 782,'salaried' ),
(134, 'Haritha K', 7863.42, '2021-12-11', 734, 'salaried'),
(135, 'Furkaan Khan', 4496.83, '2020-11-06', 723, 'salaried'),
(136, 'Sharvan Paswan', 8919.54, '2022-06-23', 730,'salaried'),
(137, 'Dhirend singh', 8513.49, '2021-07-16', 732, 'salaried'),
(138, 'Krishan Sharma', 9878.64, '2021-06-23', 780, 'self employed'),
(139, 'Arjun VELAYUTHAM', 6969.00, '2020-09-12', 743, 'self employed'),
(140, 'Ram Lingam', 19993.68, '2018-11-17', 734, 'salaried'),
(141, 'Ramesh Mk', 24593.35, '2018-12-22', 756, 'salaried'),
(142, 'Ronak Rathod', 12109.70, '2022-09-16' , 745, 'self employed'),
(143, 'Pankaj Pankaj', 21379.86, '2018-11-24', 740, 'self employed'),
(144, 'Rajan Yadav', 12510.86, '2021-09-11', 734, 'salaried' ),
(145, 'Rajesh Verma', 11947.46, '2022-10-12', 782, 'self employed'),
(146, 'MOHAMMAD ALAM', 6489.34, '2016-10-17', 766, 'salaried'),
(147, 'Tarun Sharma', 5220.40, '2018-09-26', 782, 'self employed'),
(148, 'Harshit Hooda', 13633.00, '2018-11-22', 762, 'self employed'),
(149, 'Rupali Gaikar', 3654.47, '2017-10-21', 740, 'salaried'),
(150, 'Praveen Kumar', 10536.02, '2022-09-14', 761, 'salaried'),
(151, 'Ambikant Jadhav', 54996.48, '2023-08-16', 725, 'salaried'),
(152, 'Sayyed Sajid', 35427.58, '2021-02-13', 792, 'salaried' ),
(153, 'Shivbahadur singh', 9258.43, '2022-12-26', 734, 'salaried'),
(154, 'Suhada M P', 16303.00, '2021-03-16', 756, 'self employed'),
(155, 'Vynkatesh Kamble', 8963.19, '2018-12-21', 782, 'self employed'),
(156, 'Neelam Kunwar', 17737.26, '2021-04-15', 745, 'salaried'),
(157, 'Seema Karak', 14118.84, '2018-12-29', 767, 'salaried'),
(158, 'Adiba Navaz', 5773.00, '2021-03-11', 761, 'salaried'),
(159, 'Jyothi Jyothi', 8112.95, '2023-07-18', 778, 'self employed'),
(160, 'Anil Anil', 43272.62, '2018-11-23', 755, 'salaried' ),
(161, 'Shoeb shaikh Zakir', 6659.00, '2019-08-23', 765, 'salaried'),
(162, 'Babulal Paswan', 9180.00, '2019-03-22', 781, 'self employed'),
(163, 'Firoj Shah', 2708.00, '2019-05-21', 761, 'self employed' ),
(164, 'Manjeet Singh', 6476.00, '2017-06-22', 783, 'self employed' ),
(165, 'Alimuddin Ansari', 43683.00, '2019-04-23', 781, 'self employed'),
(166, 'Mohammed Rafeeq', 19687.26, '2021-05-21', 761, 'salaried' ),
(167, 'Rukhya banu Rukhya', 7030.61, '2021-01-27', 769, 'self employed' ),
(168, 'Puja Dangodra', 3778.99, '2023-06-22', 745, 'salaried'),
(169, 'Manjula Yeshamala', 5718.55, '2024-02-29', 748, 'salaried' ),
(170, 'Amanjot Singh', 9290.12, '2024-01-25', 790, 'salaried'),
(171, 'Rakesh Rajput', 24369.90, '2021-07-21', 765, 'salaried'),
(172, 'Padhiyar Krusna', 21409.26, '2023-02-22', 789, 'salaried'),
(173, 'Arabaj Pancham', 13268.72, '2023-05-12', 756, 'self employed' ),
(174, 'Lakhbir singh', 11754.52, '2021-07-12', 745, 'salaried'),
(175, 'anish Khan', 24351.86, '2021-08-13', 754, 'salaried'),
(176, 'Musthafa Thangal', 26769.57, '2026-02-24', 787, 'salaried'),
(177, 'Mohd Athar', 13550.55, '2022-07-24', 767, 'salaried'),
(178, 'Mohan Padma', 13380.00, '2023-07-11', 782, 'self employed'),
(179, 'Salim Salim', 23022.26, '2021-07-21', 769, 'self employed'),
(180, 'SANTOSH SHETTY', 89687.00, '2023-05-19', 745, 'self employed'),
(181, 'Mahesh Chauhan', 15914.89, '2021-05-21', 760, 'salaried'),
(182, 'Niranjan N', 8287.93, '2023-07-12', 784, 'salaried'),
(183, 'Mohd Affan', 16528.35, '2021-08-22', 761, 'self employed'),
(184, 'Ravindrasinh Zala', 12728.40, '2022-09-29', 751, 'self employed'),
(185, 'Mohit Kumar', 14175.22, '2022-04-22', 769, 'self employed'),
(186, 'Geeta Anpat', 29564.72, '2023-07-14', 743, 'self employed'),
(187, 'Rohit Bhange', 21700.79, '2021-05-12', 752, 'self employed'),
(188, 'Dushant Thakur', 26495.78, '2024-04-23', 789, 'self employed'),
(189, 'MAHBOOB KHAN', 17159.00, '2021-07-14', 768, 'self employed' ),
(190, 'Baldev Singh', 5860.37, '2023-02-14', 759, 'self employed'),
(191, 'Ansar Ansarkhan', 11463.00, '2023-05-16', 760, 'salaried' ),
(192, 'Shiv Shankar', 4962.32, '2023-08-14', 769, 'self employed' ),
(193, 'Vivek Murugan', 29912.64, '2023-07-12', 730, 'salaried'),
(194, 'Sunny Kumar', 10490.00, '2022-09-11', 762, 'salaried' ),
(195, 'Nitesh NITESH', 11855.00, '2024-07-12', 720, 'salaried' ),
(196, 'Rohit Parcha', 14508.00, '2021-03-19', 768, 'self employed' ),
(197, 'Syed Baber hussain', 32765.85, '2024-02-17', 756, 'self employed' ),
(198, 'AELEN CHRISTIAN', 45478.84, '2019-05-12', 762, 'self employed' ),
(199, 'Ghanshyam padhiyar', 24516.35, '2017-06-11', 739, 'self employed'),
(200, 'Suraiya shaikh', 6358.91, '2018-03-11', 723, 'self employed'),
(201, 'SAINAJ SAINAJ', 10246.78, '2019-04-14', 783, 'self employed' ),
(202, 'Dinesh Nagar', 29674.15, '2018-05-15', 767, 'salaried'),
(203, 'Naveen kumar Mishra', 19676.45, '2021-07-15', 756, 'salaried'),
(204, 'Kalpesh Chaudhari', 12683.27, '2022-05-25', 782, 'salaried' ),
(205, 'Anshoo pal', 12602.00, '2024-07-22', 767, 'salaried'),
(206, 'Devlall Devlal', 21417.49, '2022-06-29', 772, 'salaried'),
(207, 'Dipak Shrimali', 7394.76, '2021-07-30', 765, 'self employed'),
(208, 'Poornima KARANKAL', 25958.24, '2021-05-31', 756, 'self employed' ),
(209, 'Vaibhav Jadhav', 45262.32, '2022-05-26', 782, 'salaried'),
(210, 'Ansari Sakeel', 5110.00, '2024-06-27', 755, 'salaried' ),
(211, 'Yatiraj Abachane', 7395.96, '2024-05-28', 756, 'salaried' ),
(212, 'Bariya Amit Kumar', 10522.31, '2024-04-26', 744, 'self employed' ),
(213, 'Fakrul islam Barbhuiya', 15141.06, '2024-04-21', 756, 'self employed'),
(214, 'Sandeep Singh', 42378.00, '2024-03-24', 766, 'self employed'),
(215, 'Vipin Sharma', 13895.54, '2022-04-25', 787, 'self employed'),
(216, 'Dinesh H R', 3883.54, '2022-04-27', 768, 'salaried' ),
(217, 'Kamlesh Sahu', 3386.95, '2022-06-28', 756, 'salaried'),
(218, 'Noorjha Khan', 8832.41, '2022-03-29', 788, 'salaried' ),
(219, 'Sudhakar M', 20643.55, '2021-02-26', 779, 'salaried' ),
(220, 'Shabeel Sulaiman', 15953.47, '2020-03-27', 767, 'self employed'),
(221, 'Sagar Raut', 7982.78, '2020-04-21', 766, 'self employed' ),
(222, 'Madhu bala Purohit', 21602.43, '2018-05-21', 786, 'self employed' ),
(223, 'Dilip Kumar L', 26036.73, '2018-06-29', 789, 'self employed' ),
(224, 'Prakash Rana', 56749.88, '2017-05-22', 767, 'self employed' ),
(225, 'Maulik Bundheliya', 11361.89, '2019-06-22', 789, 'self employed'),
(226, 'Jayprakash Singh', 31326.41, '2018-06-12', 791, 'salaried'),
(227, 'Devidayal Shukla', 32872.56, '2019-07-29', 766, 'salaried'),
(228, 'Ram Manohar', 10645.86, '2019-04-22', 756, 'salaried' ),
(229, 'Yogesh Kumar', 41117.67, '2020-06-21', 789, 'salaried'),
(230, 'Ummeed Alam', 6970.09, '2021-09-28', 745, 'self employed'),
(231, 'Vijay Kumar', 25864.15, '2019-06-27', 769, 'self employed'),
(232, 'Sarita Suresh Sarita', 6508.00, '2017-02-22', 749, 'salaried'),
(233, 'Mehul Sapra', 21254.12, '2019-04-25', 756, 'salaried' ),
(234, 'Sanjeev Kumar', 15171.68, '2020-05-25', 786, 'self employed' ),
(235, 'Yogesh Gahlot', 10143.10, '2018-07-21', 744, 'self employed' ),
(236, 'Deepak kumar prajapati', 25256.45, '2019-06-29', 765, 'self employed'),
(237, 'Suraj Kumar', 9332.74, '2019-01-23', 744, 'self employed'),
(238, 'Mitalben kintanbhai', 4502.00, '2019-08-22', 766, 'salaried' ),
(239, 'Ajay Kumar Yadav', 15950.67, '2020-04-30', 788, 'salaried'),
(240, 'Yogesh N', 6874.00, '2020-04-30', 798, 'salaried'),
(241, 'Yusufsha Divan', 9332.74, '2019-09-25', 767, 'salaried' ),
(242, 'Rohit Adidravid', 15268.72, '2021-07-22', 781, 'self employed' ),
(243, 'Aniket Kumar', 15647.29, '2021-04-24', 769, 'self employed' ),
(244, 'Akash Kumar', 17294.00, '2022-07-25', 781, 'self employed' ),
(245, 'Yashasvi Yashasvi', 16664.79, '2021-03-28', 742, 'self employed'),
(246, 'Surjeet Kumar', 7915.67, '2019-09-22', 749, 'salaried' ),
(247, 'GAGAN DEEP SINGH', 10566.98, '2020-02-29', 765, 'salaried'),
(248, 'ganesh kotian', 5275.93, '2020-04-15', 756, 'salaried' ),
(249, 'Sarif Khalifa', 9948.20, '2022-04-18', 781, 'self employed'),
(250, 'kathak Karthik R', 3059.30, '2021-09-12', 765, 'self employed'),
(251, 'Md Abujaid', 5978.15, '2022-10-25', 745, 'self employed'),
(252, 'Roja', 15293.30, '2024-11-25', 782, 'self employed'),
(253, 'Vijendra Pal', 32421.47, '2020-02-25', 754, 'self employed' ),
(254, 'Manoj Kadam', 7475.64, '2024-04-25', 786, 'salaried'),
(255, 'Shaikh Shameer', 23203.74, '2024-04-28', 756, 'salaried'),
(256, 'Ajit Singh KAUSHAL', 7906.87, '2023-06-25', 767, 'salaried'),
(257, 'Mithilesh Yadav', 25666.07, '2023-01-29', 750, 'self employed' ),
(258, 'BHARATH B K', 15726.14, '2023-02-21', 769, 'salaried' ),
(259, 'A G S Sharma', 12152.16, '2023-05-29', 732, 'salaried'),
(260, 'surendra jaiswal', 4476.40, '2017-09-22', 766, 'self employed'),
(261, 'Parmar Ajay', 6064.12, '2017-10-27', 754, 'self employed' ),
(262, 'Mohammed Irfan', 13053.05, '2019-12-22', 781, 'self employed'),
(263, 'Gourav Bhaman', 3577.83, '2018-12-24', 765, 'self employed' ),
(264, 'Vinita kishor Bamnel', 8933.46, '2020-11-23', 781, 'self employed'),
(265, 'Virendra Mahto', 27648.67, '2021-03-21', 751, 'self employed'),
(266, 'Abduljaleel. K Abduljaleel', 11366.00, '2026-02-20', 789, 'self employed'),
(267, 'Mohammed Aslam', 18252.12, '2021-03-29', 748, 'self employed' ),
(268, 'Yogesh Rananaware', 81050.41, '2019-09-29', 756, 'salaried' ),
(269, 'Parasurama Ram', 10589.00, '2019-07-22', 782, 'salaried' ),
(270, 'Pardeep Kumar', 42886.53, '2023-07-29', 765, 'salaried' ),
(271, 'Rahul R', 10637.57, '2021-07-17', 721, 'salaried'),
(272, 'Akash Kumar', 30652.02, '2022-09-16', 748, 'self employed' ),
(273, 'Jaypalsinh Chauhan', 16875.50, '2019-09-26', 767, 'self employed' ),
(274, 'Abhishek Verma', 7549.09, '2019-08-21', 762, 'self employed'),
(275, 'YOGESH KUNDU', 30936.87, '2018-07-22', 759, 'self employed'),
(276, 'Vikram Singh', 28672.30, '2019-06-24', 768, 'salaried' ),
(277, 'Sunder Sunder', 2432.00, '2020-06-27', 757, 'salaried' ),
(278, 'Shabana Abdul Khan', 32242.92, '2021-07-23', 787, 'salaried'),
(279, 'Meenakshi Devi', 8315.36, '2024-02-29', 709, 'self employed' ),
(280, 'Sunil Thakor', 10885.12, '2021-08-27', 719, 'self employed'),
(281, 'R Geeta R Geeta', 10156.18, '2022-07-26', 765, 'self employed' ),
(282, 'Rajeshwari C', 19930.14, '2024-08-26', 752, 'salaried' ),
(283, 'Gangamma NG', 6120.00, '2022-06-21', 763, 'salaried' ),
(284, 'Shaheen Begum', 2288.52, '2022-06-21', 777, 'salaried' ),
(285, 'Dineshkumar Manikandan', 29066.48, '2021-03-21', 767, 'salaried' ),
(286, 'vikas chauhan', 6089.00, '2018-03-24', 756, 'salaried' ),
(287, 'Gaurav Madan', 14026.39, '2019-06-24', 767, 'salaried' ),
(288, 'Saravanan.r R.saravanan', 20576.71, '2021-09-22', 739, 'self employed'),
(289, 'Heena Jha', 3318.36, '2022-01-23', 747, 'salaried' ),
(290, 'Saurav Sahu', 28209.35, '2025-08-22', 769, 'salaried' ),
(291, 'Prashant M', 5511.76, '2021-10-22', 781, 'self employed'),
(292, 'Ijasudheen Kp', 9305.85, '2021-07-29', 729, 'self employed'),
(293, 'Vijay Kumari', 4129.94, '2021-06-27', 768, 'self employed' ),
(294, 'Twinkle Darji', 5031.82, '2024-09-29', 739, 'self employed' ),
(295, 'Amit Kumar Modi', 1223.71, '2025-10-10', 747, 'salaried' ),
(296, 'Ayirondathil Reminjas', 11617.89, '2025-11-21', 767, 'salaried' ),
(297, 'Abhay Vikram Singh', 10885.50, '2021-04-27', 759, 'salaried'),
(298, 'S Mohan', 15880.53, '2019-01-25', 749, 'salaried' ),
(299, 'RAJA K N', 11383.61, '2018-02-28', 769, 'salaried' ),
(300, 'Zuber Khan', 6828.94, '2020-02-27', 783, 'salaried');





-- Insert into Verification Log Table





INSERT INTO verification_log (verification_id, application_id, assigned_agent, verification_status, turnaround_time_hours, risk_flag_reason) VALUES
(401, 101, 'Ali Husen Ansari', 'approved', 26, 'verification done'),
(402, 102, 'prasoon e', 'approved', 54, 'verification done'),
(403, 103, 'N Goutham', 'approved', 29, 'verification done'),
(404, 104, 'Rahul Maurya', 'approved', 51, 'verification done'),
(405, 105, 'Mohti Mohti', 'approved', 31, 'verification done'),
(406, 106, 'Manoj Thakur', 'approved', 33, 'verification done'),
(407, 107, 'Pradeep kumar Agrawal', 'approved', 20, 'verification done'),
(408, 108, 'Ajay Jalandhara', 'approved', 14, 'verification done'),
(409, 109, 'Prince Kumar', 'approved', 40, 'verification done'),
(410, 110, 'Solanki Jaykumar', 'approved', 58, 'verification done'),
(411, 111, 'Dipakgir Goswami', 'flagged', 53, 'Borderline verification'), -- Defaulted Loan
(412, 112, 'Kamal Sharma', 'approved', 52, 'verification done'),
(413, 113, 'Shubham Kashyap', 'approved', 35, 'verification done'),
(414, 114, 'Ankit Pandey', 'flagged', 12, 'Borderline verification'), -- Defaulted Loan
(415, 115, 'SHSHANK Mishra', 'approved', 18, 'verification done'),
(416, 116, 'Majhar Chauhan', 'flagged', 35, 'Fake employment'),         -- Defaulted Loan
(417, 117, 'Rahul Sharma', 'approved', 50, 'verification done'),
(418, 118, 'RITIK CHOUDHARY', 'approved', 53, 'verification done'),
(419, 119, 'Dharmesh kumar Yadav', 'flagged', 45, 'Borderline verification'), -- Defaulted Loan
(420, 120, 'Bittu J yadav', 'approved', 52, 'verification done'),
(421, 121, 'Rakesh Paliwal Paliwal', 'approved', 14, 'verification done'),
(422, 122, 'Sofiya Sindhi', 'flagged', 15, 'Borderline verification'),     -- Defaulted Loan
(423, 123, 'Mohd Shoaib', 'approved', 30, 'verification done'),
(424, 124, 'DEEPAK BHAMARE', 'flagged', 55, 'Borderline verification'),     -- Defaulted Loan
(425, 125, 'Saranya Jithin', 'approved', 40, 'verification done'),
(426, 126, 'HARDIK RABARI', 'approved', 25, 'verification done'),
(427, 127, 'Jyoti Makwana', 'approved', 24, 'verification done'),
(428, 128, 'Vinod Kumar', 'approved', 48, 'verification done'),
(429, 129, 'Rishab Gaba', 'flagged', 49, 'Borderline verification'),      -- Defaulted Loan
(430, 130, 'Narayan Svarup', 'flagged', 38, 'needs clarification'),        -- Defaulted Loan
(431, 131, 'GURMEET SINGH', 'approved', 44, 'verification done'),
(432, 132, 'Pankaj Singh', 'flagged', 49, 'needs clarification'),         -- Defaulted Loan
(433, 133, 'Vikas Jadhar', 'approved', 23, 'verification done'),
(434, 134, 'GALABHAI DAMOR MANGUBHAI GALABHAI', 'approved', 44, 'verification done'),
(435, 135, 'Monu Kumar', 'approved', 59, 'verification done'),
(436, 136, 'Rajagopal K', 'flagged', 19, 'Borderline verification'),      -- Defaulted Loan
(437, 137, 'Vishal Srivastava', 'approved', 38, 'verification done'),
(438, 138, 'Prafull Rathod', 'flagged', 11, 'Address mismatch'),          -- Defaulted Loan
(439, 139, 'Krishna Virkar', 'approved', 25, 'verification done'),
(440, 140, 'Manish Kumar Thakor.', 'approved', 31, 'verification done'),
(441, 141, 'Noor Mohammed', 'flagged', 47, 'needs clarification'),         -- Defaulted Loan
(442, 142, 'Talpada Javaharbhai', 'flagged', 56, 'Borderline verification'), -- Defaulted Loan
(443, 143, 'Maneesha Cm', 'flagged', 29, 'Borderline verification'),      -- Defaulted Loan
(444, 144, 'Geetha K', 'approved', 29, 'verification done'),
(445, 145, 'Dilip Ramesh bhai Parmar Dilip', 'approved', 54, 'verification done'),
(446, 146, 'Ashish Shrimali', 'approved', 30, 'verification done'),
(447, 147, 'Vikas sharma', 'flagged', 29, 'Fake employment'),             -- Defaulted Loan
(448, 148, 'B. T. Chandrashekara Shekara', 'flagged', 38, 'needs clarification'), -- Defaulted Loan
(449, 149, 'Harish Singh', 'flagged', 38, 'Borderline verification'),      -- Defaulted Loan
(450, 150, 'Soniya Sagar', 'approved', 50, 'verification done'),
(451, 151, 'nitesh Rathore', 'approved', 40, 'verification done'),
(452, 152, 'Tejashwini G', 'approved', 11, 'verification done'),
(453, 153, 'Dinanath Jha', 'flagged', 21, 'Borderline verification'),      -- Defaulted Loan
(454, 154, 'MEHFUZ ALI MANIYAR', 'flagged', 51, 'Borderline verification'), -- Defaulted Loan
(455, 155, 'Shahid H M', 'approved', 37, 'verification done'),
(456, 156, 'Arvind Rathore', 'approved', 36, 'verification done'),
(457, 157, 'Naveen Thimmanna', 'approved', 14, 'verification done'),
(458, 158, 'Abhishek Kumar', 'flagged', 19, 'needs clarification'),         -- Defaulted Loan
(459, 159, 'Minal Bhoir', 'flagged', 33, 'needs clarification'),           -- Defaulted Loan
(460, 160, 'Abhinav Pandey', 'approved', 59, 'verification done'),
(461, 161, 'Neha Ayer', 'approved', 31, 'verification done'),
(462, 162, 'Vipul Bhai', 'flagged', 18, 'needs clarification'),            -- Defaulted Loan
(463, 163, 'Sanjay Kumar Ramesh bhai Sikligar', 'flagged', 20, 'Address mismatch'), -- Defaulted Loan
(464, 164, 'SUNIL KUMAR', 'flagged', 30, 'Address mismatch'),             -- Defaulted Loan
(465, 165, 'Sachin Savle', 'approved', 29, 'verification done'),
(466, 166, 'Anish Khan', 'approved', 50, 'verification done'),
(467, 167, 'Iqbal Ikku', 'flagged', 43, 'Borderline verification'),       -- Defaulted Loan
(468, 168, 'Rahil Khan', 'flagged', 59, 'needs clarification'),            -- Defaulted Loan
(469, 169, 'Md Tanveer', 'approved', 45, 'verification done'),
(470, 170, 'Selvakumar M', 'approved', 16, 'verification done'),
(471, 171, 'BIJENDRA GOTHWAL', 'approved', 45, 'verification done'),
(472, 172, 'Shani Pathak', 'approved', 36, 'verification done'),
(473, 173, 'imran masuri', 'flagged', 10, 'needs clarification'),          -- Defaulted Loan
(474, 174, 'mahesh nayak', 'flagged', 33, 'Borderline verification'),       -- Defaulted Loan
(475, 175, 'Muthu Veeran', 'approved', 16, 'verification done'),
(476, 176, 'Rajparmar Indrajit bhai', 'flagged', 43, 'needs clarification'),-- Defaulted Loan
(477, 177, 'Nagesh N', 'flagged', 37, 'needs clarification'),              -- Defaulted Loan
(478, 178, 'Asif Kombi', 'approved', 58, 'verification done'),
(479, 179, 'Alamder F', 'approved', 57, 'verification done'),
(480, 180, 'Chander Pal', 'approved', 42, 'verification done'),
(481, 181, 'Raju B', 'approved', 57, 'verification done'),
(482, 182, 'Rajneesh Kumar Meena', 'approved', 53, 'verification done'),
(483, 183, 'RojaE RojaE', 'approved', 60, 'verification done'),
(484, 184, 'Hemant Dalavai', 'flagged', 13, 'Borderline verification'),     -- Defaulted Loan
(485, 185, 'Akash Boricha', 'flagged', 26, 'Borderline verification'),     -- Defaulted Loan
(486, 186, 'Sarita Devi', 'approved', 23, 'verification done'),
(487, 187, 'Shashi Shantha Kumar', 'approved', 59, 'verification done'),
(488, 188, 'Mohd Aslam', 'approved', 32, 'verification done'),
(489, 189, 'Shiv Kumar', 'approved', 21, 'verification done'),
(490, 190, 'Kishanpal Singh', 'flagged', 49, 'needs clarification'),       -- Defaulted Loan
(491, 191, 'Ayesha Manshuri', 'flagged', 13, 'Borderline verification'),     -- Defaulted Loan
(492, 192, 'Ravibhai Ahya', 'flagged', 52, 'Borderline verification'),      -- Defaulted Loan
(493, 193, 'Suresh kumar', 'approved', 55, 'verification done'),
(494, 194, 'Subramani KT', 'approved', 41, 'verification done'),
(495, 195, 'Pradumn Prasad', 'approved', 15, 'verification done'),
(496, 196, 'HARSH SALVE', 'approved', 11, 'verification done'),
(497, 197, 'GANGARAJU CB', 'approved', 30, 'verification done'),
(498, 198, 'Aftab alam Shaikh', 'approved', 40, 'verification done'),
(499, 199, 'Rohit Saini', 'flagged', 12, 'Borderline verification'),       -- Defaulted Loan
(500, 200, 'Radhamani K', 'approved', 25, 'verification done'),
(501, 201, 'Aarti A', 'approved', 42, 'verification done'),
(502, 202, 'Kuldeep Kumar', 'approved', 16, 'verification done'),
(503, 203, 'Kishan Paswan', 'approved', 58, 'verification done'),
(504, 204, 'Soniyaben Gajera', 'approved', 57, 'verification done'),
(505, 205, 'Inderjit Kaur', 'approved', 26, 'verification done'),
(506, 206, 'Manish Sharma', 'flagged', 53, 'Fake employment'),             -- Defaulted Loan
(507, 207, 'Amit Kumar', 'approved', 21, 'verification done'),
(508, 208, 'Avinash Sonone', 'approved', 48, 'verification done'),
(509, 209, 'Pratap Naik d', 'approved', 31, 'verification done'),
(510, 210, 'Abdul kabur Kabur', 'approved', 35, 'verification done'),
(511, 211, 'CHOTH MAL SHRIMAL', 'flagged', 38, 'Borderline verification'),  -- Defaulted Loan
(512, 212, 'ARVIND YADAV', 'approved', 28, 'verification done'),
(513, 213, 'Javid Pirjada', 'flagged', 44, 'needs clarification'),         -- Defaulted Loan
(514, 214, 'Rajesh Oza', 'approved', 35, 'verification done'),
(515, 215, 'Namdev Utekar', 'approved', 34, 'verification done'),
(516, 216, 'Vinay Kumar', 'flagged', 27, 'Borderline verification'),       -- Defaulted Loan
(517, 217, 'Gurdeep Gujral', 'approved', 13, 'verification done'),
(518, 218, 'Mitesh Nandramani', 'flagged', 19, 'needs clarification'),       -- Defaulted Loan
(519, 219, 'ALTAMAS SIDDIQUI', 'approved', 23, 'verification done'),
(520, 220, 'Manjunath Manjunath', 'approved', 36, 'verification done'),
(521, 221, 'Komal Shukla', 'approved', 50, 'verification done'),
(522, 222, 'Dhirender Kumar', 'approved', 42, 'verification done'),
(523, 223, 'Lakshy Saini', 'flagged', 59, 'needs clarification'),          -- Defaulted Loan
(524, 224, 'Jayanthi Jaya', 'flagged', 18, 'needs clarification'),           -- Defaulted Loan
(525, 225, 'Keshav Kumar', 'approved', 44, 'verification done'),
(526, 226, 'Raju Doosa', 'flagged', 60, 'Fake employment'),                -- Defaulted Loan
(527, 227, 'VasavaBalu Bhai', 'flagged', 47, 'Borderline verification'),    -- Defaulted Loan
(528, 228, 'Shuchi Kaura', 'approved', 10, 'verification done'),
(529, 229, 'Jahirsha Fakir', 'approved', 11, 'verification done'),
(530, 230, 'Rahul C g', 'approved', 59, 'verification done'),
(531, 231, 'Nazneen Ahmed', 'approved', 24, 'verification done'),
(532, 232, 'Mayur Boliya', 'flagged', 53, 'needs clarification'),          -- Defaulted Loan
(533, 233, 'Seema Baiju Baiju', 'flagged', 29, 'needs clarification'),      -- Defaulted Loan
(534, 234, 'Unnikrishnan. Sukimaran. N', 'approved', 59, 'verification done'),
(535, 235, 'Hardik ukabhai Padhiyar', 'approved', 15, 'verification done'),
(536, 236, 'Bhavendra Vaghela', 'approved', 37, 'verification done'),
(537, 237, 'Mandeep Talwar', 'flagged', 48, 'Borderline verification'),    -- Defaulted Loan
(538, 238, 'Honey Jain', 'approved', 57, 'verification done'),
(539, 239, 'Kaushal Kumar', 'approved', 13, 'verification done'),
(540, 240, 'Javed Ansari', 'approved', 50, 'verification done'),
(541, 241, 'Ramesh Kumar', 'flagged', 14, 'needs clarification'),          -- Defaulted Loan
(542, 242, 'Ujjwal Wadhwa', 'approved', 18, 'verification done'),
(543, 243, 'Aashiyan Khan', 'flagged', 27, 'Borderline verification'),     -- Defaulted Loan
(544, 244, 'Deepak Kumar Singh', 'approved', 26, 'verification done'),
(545, 245, 'Pramod K', 'approved', 40, 'verification done'),
(546, 246, 'Ganesh Karende', 'flagged', 27, 'needs clarification'),         -- Defaulted Loan
(547, 247, 'PRATAPSINGH PATIL', 'approved', 23, 'verification done'),
(548, 248, 'Rohit', 'approved', 42, 'verification done'),
(549, 249, 'Manjunatha N', 'flagged', 52, 'Fake employment'),             -- Defaulted Loan
(550, 250, 'Chotu Kumar', 'flagged', 13, 'Borderline verification'),       -- Defaulted Loan
(551, 251, 'Ravi Kumar', 'approved', 30, 'verification done'),
(552, 252, 'Anusha R', 'approved', 36, 'verification done'),
(553, 253, 'Karan Sehgal', 'flagged', 44, 'Fake employment'),             -- Defaulted Loan
(554, 254, 'Trupati Mistry', 'approved', 41, 'verification done'),
(555, 255, 'Ashish Yadav', 'approved', 58, 'verification done'),
(556, 256, 'Dilip Chavda', 'approved', 37, 'verification done'),
(557, 257, 'Kiran Mokani', 'approved', 12, 'verification done'),
(558, 258, 'mukesh bhai Parmar', 'approved', 11, 'verification done'),
(559, 259, 'rajkumar lodhi', 'approved', 12, 'verification done'),
(560, 260, 'Anish Naik', 'approved', 29, 'verification done'),
(561, 261, 'Shaharukh khan', 'flagged', 35, 'Borderline verification'),    -- Defaulted Loan
(562, 262, 'Dal Madina', 'flagged', 19, 'Borderline verification'),        -- Defaulted Loan
(563, 263, 'Tejaswini Chaudhari', 'approved', 59, 'verification done'),
(564, 264, 'Md Azad', 'flagged', 26, 'Borderline verification'),       -- Defaulted Loan
(565, 265, 'Asit Orawn', 'approved', 45, 'verification done'),
(566, 266, 'RADHY SHYAM Saini', 'approved', 38, 'verification done'),
(567, 267, 'Mohd Sajid', 'approved', 56, 'verification done'),
(568, 268, 'komalpreet singh', 'approved', 19, 'verification done'),
(569, 269, 'Hajarabegum Multani', 'approved', 19, 'verification done'),
(570, 270, 'Ganpat CHAVALA', 'flagged', 36, 'Borderline verification'),    -- Defaulted Loan
(571, 271, 'Ranga Swamy', 'approved', 28, 'verification done'),
(572, 272, 'Parshottam Gohil', 'approved', 23, 'verification done'),
(573, 273, 'Irshada M', 'flagged', 19, 'Borderline verification'),        -- Defaulted Loan
(574, 274, 'Akash singh Rajawat', 'flagged', 28, 'Borderline verification'), -- Defaulted Loan
(575, 275, 'SOHEL MANSURI', 'flagged', 60, 'Fake employment'),             -- Defaulted Loan
(576, 276, 'Prashanth Kadari', 'approved', 49, 'verification done'),
(577, 277, 'Sampath K', 'approved', 34, 'verification done'),
(578, 278, 'Abdul Kalam Abdul Kalam', 'approved', 20, 'verification done'),
(579, 279, 'Vimal Soni', 'approved', 55, 'verification done'),
(580, 280, 'PARMAR SACHINKUMAR MAHENDRABHAI', 'approved', 14, 'verification done'),
(581, 281, 'Mohmmad amjad Ansari', 'approved', 50, 'verification done'),
(582, 282, 'Sonu Kumar', 'flagged', 33, 'Borderline verification'),       -- Defaulted Loan
(583, 283, 'C DEVARAJA', 'approved', 22, 'verification done'),
(584, 284, 'Ibrahim Khalifa', 'flagged', 18, 'needs clarification'),        -- Defaulted Loan
(585, 285, 'Sellamuthu Vengadjalam', 'approved', 58, 'verification done'),
(586, 286, 'Gurwinder Singh', 'approved', 53, 'verification done'),
(587, 287, 'Anjali Rathod', 'approved', 40, 'verification done'),
(588, 288, 'Sangeetha Sangeetha', 'approved', 24, 'verification done'),
(589, 289, 'Pankaj Dube', 'approved', 19, 'verification done'),
(590, 290, 'Jaskaran Singh', 'flagged', 57, 'needs clarification'),        -- Defaulted Loan
(591, 291, 'MANOJ KUMAR S', 'approved', 12, 'verification done'),
(592, 292, 'Kalpeshbhai MOHANBHAI patel Patel', 'approved', 19, 'verification done'),
(593, 293, 'Akhilesh Chouhan', 'approved', 26, 'verification done'),
(594, 294, 'Yashswini Awasthi', 'flagged', 35, 'needs clarification'),     -- Defaulted Loan
(595, 295, 'Naina Kaur', 'approved', 25, 'verification done'),
(596, 296, 'Sheetal Rajguru', 'flagged', 27, 'needs clarification'),       -- Defaulted Loan
(597, 297, 'Priyanka luthra', 'flagged', 60, 'Borderline verification'),    -- Defaulted Loan
(598, 298, 'Tahir Solanki', 'flagged', 11, 'Address mismatch'),            -- Defaulted Loan
(599, 299, 'Sangeeta Rani', 'flagged', 35, 'Borderline verification'),     -- Defaulted Loan
(600, 300, 'Shahjad Fiyaj', 'approved', 43, 'verification done');






-- Insert into Loan Performance Table






INSERT INTO loan_performance (loan_id, application_id, loan_status, amount_paid, missed_payments) VALUES
(701, 101, 'paid off', 7081.00, 0),
(702, 102, 'paid off', 12349.50, 0),
(703, 103, 'paid off', 18230.00, 0),
(704, 104, 'current', 3450.00, 0),
(705, 105, 'paid off', 9058.00, 0),
(706, 106, 'paid off', 24659.35, 0),
(707, 107, 'current', 11200.00, 0),
(708, 108, 'paid off', 6500.00, 0),
(709, 109, 'current', 8900.50, 1),
(710, 110, 'paid off', 15400.00, 0),
(711, 111, 'defaulted', 1200.00, 9),      -- Aligned with Flagged Verification
(712, 112, 'paid off', 21000.00, 0),
(713, 113, 'current', 14250.00, 0),
(714, 114, 'defaulted', 0.00, 12),       -- Aligned with Flagged Verification
(715, 115, 'paid off', 5400.00, 0),
(716, 116, 'defaulted', 450.00, 8),        -- Aligned with Flagged Verification
(717, 117, 'current', 19800.00, 0),
(718, 118, 'paid off', 32000.00, 0),
(719, 119, 'defaulted', 2100.00, 7),      -- Aligned with Flagged Verification
(720, 120, 'paid off', 7800.00, 0),
(721, 121, 'current', 11500.00, 0),
(722, 122, 'defaulted', 1100.00, 10),     -- Aligned with Flagged Verification
(723, 123, 'paid off', 14300.00, 0),
(724, 124, 'defaulted', 0.00, 11),       -- Aligned with Flagged Verification
(725, 125, 'current', 22500.00, 0),
(726, 126, 'paid off', 9600.00, 0),
(727, 127, 'current', 16700.00, 2),
(728, 128, 'paid off', 13400.00, 0),
(729, 129, 'defaulted', 3400.00, 6),      -- Aligned with Flagged Verification
(730, 130, 'defaulted', 800.00, 9),       -- Aligned with Flagged Verification
(731, 131, 'paid off', 27500.00, 0),
(732, 132, 'defaulted', 0.00, 14),       -- Aligned with Flagged Verification
(733, 133, 'current', 18900.00, 0),
(734, 134, 'paid off', 5200.00, 0),
(735, 135, 'current', 12100.00, 0),
(736, 136, 'defaulted', 1500.00, 8),      -- Aligned with Flagged Verification
(737, 137, 'paid off', 23000.00, 0),
(738, 138, 'defaulted', 0.00, 10),       -- Aligned with Flagged Verification
(739, 139, 'current', 14600.00, 1),
(740, 140, 'paid off', 8900.00, 0),
(741, 141, 'defaulted', 2900.00, 7),      -- Aligned with Flagged Verification
(742, 142, 'defaulted', 1200.00, 9),      -- Aligned with Flagged Verification
(743, 143, 'defaulted', 0.00, 12),       -- Aligned with Flagged Verification
(744, 144, 'paid off', 17500.00, 0),
(745, 145, 'current', 4123.59, 0),       -- Cleaned up outlier decimal value
(746, 146, 'paid off', 31000.00, 0),
(747, 147, 'defaulted', 4300.00, 6),      -- Aligned with Flagged Verification
(748, 148, 'defaulted', 950.00, 8),       -- Aligned with Flagged Verification
(749, 149, 'defaulted', 0.00, 13),       -- Aligned with Flagged Verification
(750, 150, 'paid off', 11800.00, 0),
(751, 151, 'current', 15900.00, 0),
(752, 152, 'paid off', 26000.00, 0),
(753, 153, 'defaulted', 1800.00, 9),      -- Aligned with Flagged Verification
(754, 154, 'defaulted', 0.00, 11),       -- Aligned with Flagged Verification
(755, 155, 'paid off', 13700.00, 0),
(756, 156, 'current', 20400.00, 0),
(757, 157, 'paid off', 7200.00, 0),
(758, 158, 'defaulted', 3100.00, 7),      -- Aligned with Flagged Verification
(759, 159, 'defaulted', 1400.00, 8),      -- Aligned with Flagged Verification
(760, 160, 'paid off', 28500.00, 0),
(761, 161, 'current', 16300.00, 1),
(762, 162, 'defaulted', 0.00, 10),       -- Aligned with Flagged Verification
(763, 163, 'defaulted', 750.00, 9),       -- Aligned with Flagged Verification
(764, 164, 'defaulted', 2200.00, 6),      -- Aligned with Flagged Verification
(765, 165, 'paid off', 19100.00, 0),
(766, 166, 'current', 12800.00, 0),
(767, 167, 'defaulted', 0.00, 12),       -- Aligned with Flagged Verification
(768, 168, 'defaulted', 1900.00, 8),      -- Aligned with Flagged Verification
(769, 169, 'paid off', 24500.00, 0),
(770, 170, 'current', 10500.00, 0),
(771, 171, 'paid off', 15200.00, 0),
(772, 172, 'current', 21500.00, 0),
(773, 173, 'defaulted', 1100.00, 9),      -- Aligned with Flagged Verification
(774, 174, 'defaulted', 0.00, 14),       -- Aligned with Flagged Verification
(775, 175, 'paid off', 8400.00, 0),
(776, 176, 'defaulted', 3600.00, 7),      -- Aligned with Flagged Verification
(777, 177, 'defaulted', 1600.00, 8),      -- Aligned with Flagged Verification
(778, 178, 'paid off', 33000.00, 0),
(779, 179, 'current', 17400.00, 0),
(780, 180, 'paid off', 12600.00, 0),
(781, 181, 'current', 19200.00, 2),
(782, 182, 'paid off', 14800.00, 0),
(783, 183, 'current', 26500.00, 0),
(784, 184, 'defaulted', 0.00, 11),       -- Aligned with Flagged Verification
(785, 185, 'defaulted', 2400.00, 6),      -- Aligned with Flagged Verification
(786, 186, 'paid off', 10200.00, 0),
(787, 187, 'current', 22100.00, 0),
(788, 188, 'paid off', 15600.00, 0),
(789, 189, 'current', 13900.00, 0),
(790, 190, 'defaulted', 1350.00, 9),      -- Aligned with Flagged Verification
(791, 191, 'defaulted', 0.00, 12),       -- Aligned with Flagged Verification
(792, 192, 'defaulted', 1850.00, 7),      -- Aligned with Flagged Verification
(793, 193, 'paid off', 29000.00, 0),
(794, 194, 'current', 11400.00, 0),
(795, 195, 'paid off', 6800.00, 0),
(796, 196, 'current', 18300.00, 1),
(797, 197, 'paid off', 21500.00, 0),
(798, 198, 'current', 15200.00, 0),
(799, 199, 'defaulted', 0.00, 10),       -- Aligned with Flagged Verification
(800, 200, 'paid off', 12900.00, 0),
(801, 201, 'current', 24000.00, 0),
(802, 202, 'paid off', 8300.00, 0),
(803, 203, 'current', 17600.00, 0),
(804, 204, 'paid off', 14200.00, 0),
(805, 205, 'current', 19800.00, 0),
(806, 206, 'defaulted', 3800.00, 8),      -- Aligned with Flagged Verification
(807, 207, 'paid off', 11300.00, 0),
(808, 208, 'current', 16400.00, 1),
(809, 209, 'paid off', 22700.00, 0),
(810, 210, 'current', 13500.00, 0),
(811, 211, 'defaulted', 0.00, 12),       -- Aligned with Flagged Verification
(812, 212, 'paid off', 25000.00, 0),
(813, 213, 'defaulted', 1700.00, 9),      -- Aligned with Flagged Verification
(814, 214, 'paid off', 9200.00, 0),
(815, 215, 'current', 18100.00, 0),
(816, 216, 'defaulted', 2150.00, 7),      -- Aligned with Flagged Verification
(817, 217, 'paid off', 34000.00, 0),
(818, 218, 'defaulted', 0.00, 13),       -- Aligned with Flagged Verification
(819, 219, 'current', 14900.00, 0),
(820, 220, 'paid off', 11600.00, 0),
(821, 221, 'current', 23400.00, 2),
(822, 222, 'paid off', 16200.00, 0),
(823, 223, 'defaulted', 1250.00, 8),      -- Aligned with Flagged Verification
(824, 224, 'defaulted', 600.00, 10),      -- Aligned with Flagged Verification
(825, 225, 'current', 20500.00, 0),
(826, 226, 'defaulted', 0.00, 14),       -- Aligned with Flagged Verification
(827, 227, 'defaulted', 4100.00, 6),      -- Aligned with Flagged Verification
(828, 228, 'paid off', 13800.00, 0),
(829, 229, 'current', 17100.00, 0),
(830, 230, 'paid off', 8900.00, 0),
(831, 231, 'current', 15400.00, 1),
(832, 232, 'defaulted', 1900.00, 9),      -- Aligned with Flagged Verification
(833, 233, 'defaulted', 0.00, 11),       -- Aligned with Flagged Verification
(834, 234, 'paid off', 27000.00, 0),
(835, 235, 'current', 12300.00, 0),
(836, 236, 'paid off', 19500.00, 0),
(837, 237, 'defaulted', 3200.00, 7),      -- Aligned with Flagged Verification
(838, 238, 'current', 24800.00, 0),
(839, 239, 'paid off', 10400.00, 0),
(840, 240, 'current', 16900.00, 0),
(841, 241, 'defaulted', 0.00, 10),       -- Aligned with Flagged Verification
(842, 242, 'paid off', 22000.00, 0),
(843, 243, 'defaulted', 1450.00, 8),      -- Aligned with Flagged Verification
(844, 244, 'current', 15100.00, 0),
(845, 245, 'paid off', 11500.00, 0),
(846, 246, 'defaulted', 2300.00, 6),      -- Aligned with Flagged Verification
(847, 247, 'current', 18700.00, 1),
(848, 248, 'paid off', 14200.00, 0),
(849, 249, 'defaulted', 0.00, 12),       -- Aligned with Flagged Verification
(850, 250, 'defaulted', 850.00, 9),       -- Aligned with Flagged Verification
(851, 251, 'paid off', 26000.00, 0),
(852, 252, 'current', 13400.00, 0),
(853, 253, 'defaulted', 0.00, 13),       -- Aligned with Flagged Verification
(854, 254, 'paid off', 17800.00, 0),
(855, 255, 'current', 21900.00, 0),
(856, 256, 'paid off', 9300.00, 0),
(857, 257, 'current', 16500.00, 2),
(858, 258, 'paid off', 12400.00, 0),
(859, 259, 'current', 14100.00, 0),
(860, 260, 'paid off', 30500.00, 0),
(861, 261, 'defaulted', 1600.00, 8),      -- Aligned with Flagged Verification
(862, 262, 'defaulted', 0.00, 11),       -- Aligned with Flagged Verification
(863, 263, 'paid off', 18500.00, 0),
(864, 264, 'defaulted', 2100.00, 7),      -- Aligned with Flagged Verification
(865, 265, 'current', 23000.00, 0),
(866, 266, 'paid off', 11200.00, 0),
(867, 267, 'current', 15700.00, 0),
(868, 268, 'paid off', 13900.00, 0),
(869, 269, 'current', 19400.00, 1),
(870, 270, 'defaulted', 0.00, 10),       -- Aligned with Flagged Verification
(871, 271, 'paid off', 24000.00, 0),
(872, 272, 'current', 12200.00, 0),
(873, 273, 'defaulted', 1150.00, 9),      -- Aligned with Flagged Verification
(874, 274, 'defaulted', 3400.00, 6),      -- Aligned with Flagged Verification
(875, 275, 'defaulted', 0.00, 14),       -- Aligned with Flagged Verification
(876, 276, 'paid off', 16800.00, 0),
(877, 277, 'current', 20100.00, 0),
(878, 278, 'paid off', 8700.00, 0),
(879, 279, 'current', 14500.00, 0),
(880, 280, 'paid off', 22300.00, 0),
(881, 281, 'current', 17900.00, 2),
(882, 282, 'defaulted', 900.00, 8),       -- Aligned with Flagged Verification
(883, 283, 'paid off', 11400.00, 0),
(884, 284, 'defaulted', 0.00, 12),       -- Aligned with Flagged Verification
(885, 285, 'current', 25500.00, 0),
(886, 286, 'paid off', 13200.00, 0),
(887, 287, 'current', 19100.00, 0),
(888, 288, 'paid off', 10600.00, 0),
(889, 289, 'current', 16400.00, 1),
(890, 290, 'defaulted', 2700.00, 7),      -- Aligned with Flagged Verification
(891, 291, 'paid off', 21000.00, 0),
(892, 292, 'current', 14300.00, 0),
(893, 293, 'paid off', 17800.00, 0),
(894, 294, 'defaulted', 0.00, 11),       -- Aligned with Flagged Verification
(895, 295, 'current', 22900.00, 0),
(896, 296, 'defaulted', 1300.00, 9),      -- Aligned with Flagged Verification
(897, 297, 'defaulted', 4200.00, 6),      -- Aligned with Flagged Verification
(898, 298, 'defaulted', 0.00, 13),       -- Aligned with Flagged Verification
(899, 299, 'defaulted', 850.00, 10),      -- Aligned with Flagged Verification
(900, 300, 'paid off', 15400.00, 0);




